timestamp,WL2_VIB,DV5_VIB,CT1_VIB,SL3_VIB
2026-05-13 00:00,1.15,1.33,1.39,1.27
2026-05-13 01:00,1.06,1.21,1.49,1.58
2026-05-13 02:00,1.15,1.12,1.12,1.21
2026-05-13 03:00,1.22,1.16,1.22,1.36
2026-05-13 04:00,0.96,1.08,1.24,1.25
2026-05-13 05:00,1.12,1.23,1.31,1.40
2026-05-13 06:00,1.20,1.27,1.25,1.40
2026-05-13 07:00,1.27,1.22,1.25,1.31
2026-05-13 08:00,1.28,1.43,1.43,1.26
2026-05-13 09:00,1.34,1.20,1.45,1.43
2026-05-13 10:00,1.42,1.59,1.37,1.45
2026-05-13 11:00,1.59,1.39,1.69,1.57
2026-05-13 12:00,1.38,1.34,1.37,1.60
2026-05-13 13:00,1.52,1.41,1.49,1.67
2026-05-13 14:00,1.31,1.38,1.41,1.56
2026-05-13 15:00,1.35,1.26,1.70,1.41
2026-05-13 16:00,1.40,1.36,1.39,1.33
2026-05-13 17:00,1.17,1.23,1.18,1.51
2026-05-13 18:00,1.05,1.02,1.45,1.19
2026-05-13 19:00,1.30,1.03,1.43,1.16
2026-05-13 20:00,1.06,1.25,1.09,1.36
2026-05-13 21:00,1.30,1.18,1.21,1.32
2026-05-13 22:00,1.18,1.23,1.25,1.30
2026-05-13 23:00,1.08,1.25,1.30,1.28
2026-05-14 00:00,1.33,1.32,1.36,1.24
2026-05-14 01:00,1.06,1.18,1.19,1.35
2026-05-14 02:00,1.37,1.36,1.38,1.15
2026-05-14 03:00,1.24,1.31,1.40,1.36
2026-05-14 04:00,1.27,1.26,1.40,1.53
2026-05-14 05:00,1.24,1.15,1.40,1.22
2026-05-14 06:00,1.24,1.38,1.31,1.25
2026-05-14 07:00,1.19,1.20,1.44,1.40
2026-05-14 08:00,1.42,1.49,1.38,1.38
2026-05-14 09:00,1.33,1.43,1.38,1.62
2026-05-14 10:00,1.54,1.23,1.43,1.48
2026-05-14 11:00,1.53,1.40,1.58,1.50
2026-05-14 12:00,1.50,1.46,1.49,1.64
2026-05-14 13:00,1.34,1.59,1.57,1.58
2026-05-14 14:00,1.35,1.43,1.58,1.41
2026-05-14 15:00,1.62,1.36,1.42,1.45
2026-05-14 16:00,1.28,1.24,1.40,1.50
2026-05-14 17:00,1.31,1.21,1.37,1.43
2026-05-14 18:00,1.17,1.23,1.25,1.19
2026-05-14 19:00,1.12,1.28,1.23,1.42
2026-05-14 20:00,1.12,1.18,1.07,1.40
2026-05-14 21:00,1.12,1.08,1.18,1.35
2026-05-14 22:00,1.20,1.27,1.27,1.32
2026-05-14 23:00,1.37,1.41,1.28,1.29
2026-05-15 00:00,1.12,1.24,1.17,1.41
2026-05-15 01:00,1.16,1.31,1.30,1.41
2026-05-15 02:00,1.20,1.27,1.18,1.34
2026-05-15 03:00,0.98,1.21,1.07,1.38
2026-05-15 04:00,1.23,1.34,1.37,1.08
2026-05-15 05:00,1.12,1.12,1.20,1.17
2026-05-15 06:00,1.04,1.28,1.26,1.30
2026-05-15 07:00,1.32,1.48,1.40,1.39
2026-05-15 08:00,1.32,1.14,1.30,1.51
2026-05-15 09:00,1.43,1.37,1.53,1.56
2026-05-15 10:00,1.40,1.37,1.47,1.54
2026-05-15 11:00,1.56,1.26,1.59,1.56
2026-05-15 12:00,1.65,1.45,1.57,1.70
2026-05-15 13:00,1.49,1.57,1.54,1.55
2026-05-15 14:00,1.31,1.31,1.57,1.58
2026-05-15 15:00,1.40,1.23,1.41,1.71
2026-05-15 16:00,1.29,1.34,1.39,1.39
2026-05-15 17:00,1.13,1.44,1.52,1.40
2026-05-15 18:00,1.07,1.31,1.22,1.43
2026-05-15 19:00,1.17,1.33,1.12,1.35
2026-05-15 20:00,1.31,1.20,1.28,1.48
2026-05-15 21:00,1.00,1.22,1.20,1.32
2026-05-15 22:00,1.31,1.18,1.40,1.27
2026-05-15 23:00,1.06,1.25,1.30,1.12
2026-05-16 00:00,1.16,1.13,1.24,1.40
2026-05-16 01:00,1.21,1.22,1.21,1.34
2026-05-16 02:00,1.17,1.33,1.22,1.22
2026-05-16 03:00,1.16,1.18,1.31,1.32
2026-05-16 04:00,1.16,1.13,1.25,1.21
2026-05-16 05:00,1.19,1.09,1.32,1.51
2026-05-16 06:00,1.37,1.20,1.13,1.34
2026-05-16 07:00,1.20,1.47,1.23,1.46
2026-05-16 08:00,1.10,1.23,1.30,1.49
2026-05-16 09:00,1.41,1.39,1.54,1.54
2026-05-16 10:00,1.63,1.51,1.32,1.57
2026-05-16 11:00,1.54,1.53,1.54,1.58
2026-05-16 12:00,1.48,1.25,1.58,1.55
2026-05-16 13:00,1.32,1.50,1.35,1.61
2026-05-16 14:00,1.38,1.52,1.63,1.51
2026-05-16 15:00,1.30,1.30,1.42,1.48
2026-05-16 16:00,1.34,1.39,1.37,1.46
2026-05-16 17:00,1.26,1.23,1.41,1.25
2026-05-16 18:00,1.18,1.27,1.05,1.08
2026-05-16 19:00,1.10,1.25,1.31,1.47
2026-05-16 20:00,1.17,1.23,1.17,1.16
2026-05-16 21:00,1.19,1.31,1.35,1.30
2026-05-16 22:00,1.28,1.23,1.14,1.37
2026-05-16 23:00,1.24,1.14,1.25,1.34
2026-05-17 00:00,1.02,1.16,1.27,1.20
2026-05-17 01:00,1.05,1.28,1.24,1.22
2026-05-17 02:00,1.10,1.39,1.28,1.36
2026-05-17 03:00,1.03,1.24,1.20,1.48
2026-05-17 04:00,1.21,1.30,1.32,1.29
2026-05-17 05:00,1.32,1.24,1.25,1.25
2026-05-17 06:00,1.19,1.22,1.20,1.29
2026-05-17 07:00,1.25,1.20,1.21,1.26
2026-05-17 08:00,1.30,1.37,1.48,1.51
2026-05-17 09:00,1.43,1.31,1.40,1.61
2026-05-17 10:00,1.37,1.40,1.62,1.39
2026-05-17 11:00,1.38,1.46,1.57,1.52
2026-05-17 12:00,1.32,1.42,1.54,1.65
2026-05-17 13:00,1.40,1.52,1.69,1.51
2026-05-17 14:00,1.34,1.44,1.39,1.73
2026-05-17 15:00,1.48,1.24,1.53,1.58
2026-05-17 16:00,1.25,1.18,1.48,1.58
2026-05-17 17:00,1.33,1.21,1.36,1.35
2026-05-17 18:00,1.07,0.99,1.24,1.03
2026-05-17 19:00,1.06,1.13,1.24,1.19
2026-05-17 20:00,1.24,1.28,1.14,1.39
2026-05-17 21:00,1.27,1.08,1.21,1.22
2026-05-17 22:00,1.19,1.18,1.24,1.34
2026-05-17 23:00,1.07,1.28,1.41,1.30
2026-05-18 00:00,1.13,1.29,1.06,1.40
2026-05-18 01:00,1.08,1.22,1.14,1.39
2026-05-18 02:00,1.23,1.17,1.30,1.24
2026-05-18 03:00,1.13,1.10,1.09,1.21
2026-05-18 04:00,1.18,1.21,1.32,1.42
2026-05-18 05:00,1.04,1.01,1.09,1.26
2026-05-18 06:00,1.18,1.18,1.13,1.32
2026-05-18 07:00,1.21,1.19,1.39,1.30
2026-05-18 08:00,1.33,1.36,1.37,1.47
2026-05-18 09:00,1.33,1.21,1.60,1.52
2026-05-18 10:00,1.50,1.45,1.53,1.66
2026-05-18 11:00,1.46,1.49,1.63,1.59
2026-05-18 12:00,1.52,1.57,1.40,1.23
2026-05-18 13:00,1.46,1.38,1.57,1.56
2026-05-18 14:00,1.40,1.35,1.64,1.63
2026-05-18 15:00,1.33,1.31,1.58,1.51
2026-05-18 16:00,1.28,1.37,1.45,1.56
2026-05-18 17:00,1.14,1.29,1.19,1.38
2026-05-18 18:00,1.06,1.31,1.09,1.30
2026-05-18 19:00,1.16,1.13,1.25,1.40
2026-05-18 20:00,1.34,1.04,1.18,1.33
2026-05-18 21:00,1.11,1.28,1.23,1.15
2026-05-18 22:00,1.08,1.13,1.62,1.29
2026-05-18 23:00,1.16,1.06,1.17,1.40
2026-05-19 00:00,1.01,1.15,1.40,1.30
2026-05-19 01:00,1.06,1.03,1.31,1.08
2026-05-19 02:00,1.14,1.25,1.31,1.21
2026-05-19 03:00,1.26,1.18,1.21,1.25
2026-05-19 04:00,1.05,1.08,1.28,1.30
2026-05-19 05:00,1.16,1.44,1.19,1.30
2026-05-19 06:00,1.16,1.16,1.20,1.53
2026-05-19 07:00,1.32,1.26,1.50,1.27
2026-05-19 08:00,1.21,1.34,1.48,1.31
2026-05-19 09:00,1.34,1.46,1.43,1.42
2026-05-19 10:00,1.40,1.36,1.48,1.30
2026-05-19 11:00,1.47,1.50,1.63,1.68
2026-05-19 12:00,1.47,1.48,1.64,1.63
2026-05-19 13:00,1.56,1.68,1.53,1.74
2026-05-19 14:00,1.58,1.52,1.43,1.66
2026-05-19 15:00,1.38,1.29,1.61,1.57
2026-05-19 16:00,1.21,1.37,1.42,1.32
2026-05-19 17:00,1.09,1.38,1.38,1.28
2026-05-19 18:00,1.32,1.22,1.15,1.31
2026-05-19 19:00,1.16,1.19,1.18,1.14
2026-05-19 20:00,0.99,1.23,1.33,1.19
2026-05-19 21:00,1.26,1.26,1.18,1.36
2026-05-19 22:00,1.10,1.21,1.36,1.21
2026-05-19 23:00,1.04,1.24,1.30,1.23
2026-05-20 00:00,1.26,1.23,1.11,1.35
2026-05-20 01:00,1.13,1.26,1.21,1.45
2026-05-20 02:00,1.34,1.23,1.19,1.28
2026-05-20 03:00,1.01,1.27,1.11,1.35
2026-05-20 04:00,1.30,1.26,1.35,1.27
2026-05-20 05:00,1.20,1.06,1.09,1.22
2026-05-20 06:00,1.11,1.32,1.09,1.30
2026-05-20 07:00,1.41,1.24,1.41,1.41
2026-05-20 08:00,1.30,1.26,1.45,1.43
2026-05-20 09:00,1.38,1.21,1.48,1.44
2026-05-20 10:00,1.35,1.68,1.39,1.66
2026-05-20 11:00,1.54,1.46,1.46,1.51
2026-05-20 12:00,1.50,1.45,1.43,1.38
2026-05-20 13:00,1.67,1.54,1.63,1.64
2026-05-20 14:00,1.27,1.58,1.56,1.52
2026-05-20 15:00,1.25,1.53,1.30,1.44
2026-05-20 16:00,1.19,1.40,1.44,1.29
2026-05-20 17:00,1.10,1.31,1.24,1.35
2026-05-20 18:00,1.08,1.07,1.07,1.11
2026-05-20 19:00,0.98,1.19,1.28,1.31
2026-05-20 20:00,1.21,1.12,1.17,1.29
2026-05-20 21:00,1.22,1.16,1.14,1.31
2026-05-20 22:00,1.18,1.20,1.29,1.25
2026-05-20 23:00,0.99,1.30,1.34,1.40
2026-05-21 00:00,1.22,1.22,1.22,1.19
2026-05-21 01:00,1.00,1.41,1.23,1.50
2026-05-21 02:00,1.08,1.27,1.26,1.41
2026-05-21 03:00,1.20,1.15,1.22,1.26
2026-05-21 04:00,0.96,1.27,1.05,1.53
2026-05-21 05:00,1.13,1.19,1.40,1.41
2026-05-21 06:00,1.08,1.06,1.23,1.27
2026-05-21 07:00,1.11,1.34,1.12,1.48
2026-05-21 08:00,1.35,1.32,1.34,1.53
2026-05-21 09:00,1.45,1.45,1.47,1.50
2026-05-21 10:00,1.38,1.40,1.54,1.61
2026-05-21 11:00,1.46,1.57,1.58,1.54
2026-05-21 12:00,1.40,1.54,1.43,1.60
2026-05-21 13:00,1.23,1.46,1.40,1.65
2026-05-21 14:00,1.45,1.44,1.72,1.67
2026-05-21 15:00,1.49,1.44,1.67,1.45
2026-05-21 16:00,1.20,1.37,1.65,1.47
2026-05-21 17:00,1.18,1.32,1.37,1.33
2026-05-21 18:00,1.19,1.30,1.27,1.13
2026-05-21 19:00,1.16,1.26,1.41,1.39
2026-05-21 20:00,1.15,1.06,1.15,1.28
2026-05-21 21:00,1.01,1.25,1.20,1.41
2026-05-21 22:00,0.94,1.08,1.41,1.41
2026-05-21 23:00,1.14,1.45,1.26,1.36
2026-05-22 00:00,1.17,1.44,1.32,1.27
2026-05-22 01:00,0.91,1.22,1.31,1.43
2026-05-22 02:00,1.18,1.31,1.43,1.30
2026-05-22 03:00,1.21,1.10,1.20,1.46
2026-05-22 04:00,1.33,1.14,1.11,1.34
2026-05-22 05:00,1.19,1.23,1.26,1.31
2026-05-22 06:00,1.19,1.20,1.34,1.35
2026-05-22 07:00,1.05,1.25,1.26,1.52
2026-05-22 08:00,1.27,1.26,1.38,1.69
2026-05-22 09:00,1.47,1.37,1.25,1.61
2026-05-22 10:00,1.27,1.52,1.62,1.66
2026-05-22 11:00,1.53,1.48,1.51,1.60
2026-05-22 12:00,1.43,1.43,1.55,1.47
2026-05-22 13:00,1.34,1.60,1.41,1.65
2026-05-22 14:00,1.33,1.45,1.51,1.42
2026-05-22 15:00,1.36,1.19,1.39,1.38
2026-05-22 16:00,1.32,1.15,1.45,1.43
2026-05-22 17:00,1.35,1.16,1.38,1.32
2026-05-22 18:00,1.05,0.99,1.40,1.17
2026-05-22 19:00,1.13,1.22,1.30,1.27
2026-05-22 20:00,1.15,1.19,1.47,1.38
2026-05-22 21:00,1.00,1.30,1.05,1.21
2026-05-22 22:00,1.21,1.24,1.37,1.14
2026-05-22 23:00,1.27,1.36,1.06,1.24
2026-05-23 00:00,1.20,1.06,1.36,1.26
2026-05-23 01:00,1.14,1.12,1.20,1.34
2026-05-23 02:00,1.04,1.13,1.23,1.25
2026-05-23 03:00,1.19,1.23,1.38,1.05
2026-05-23 04:00,1.10,1.28,1.26,1.29
2026-05-23 05:00,1.13,1.33,0.95,1.26
2026-05-23 06:00,1.18,1.22,1.11,1.32
2026-05-23 07:00,1.09,1.38,1.34,1.42
2026-05-23 08:00,1.26,1.48,1.41,1.43
2026-05-23 09:00,1.38,1.47,1.39,1.43
2026-05-23 10:00,1.38,1.44,1.56,1.65
2026-05-23 11:00,1.49,1.55,1.39,1.55
2026-05-23 12:00,1.28,1.47,1.54,1.55
2026-05-23 13:00,1.42,1.68,1.60,1.75
2026-05-23 14:00,1.33,1.43,1.63,1.59
2026-05-23 15:00,1.42,1.26,1.77,1.52
2026-05-23 16:00,1.31,1.40,1.26,1.49
2026-05-23 17:00,1.27,1.24,1.22,1.50
2026-05-23 18:00,1.21,1.25,1.19,1.38
2026-05-23 19:00,0.97,1.19,1.26,1.50
2026-05-23 20:00,1.16,1.14,1.17,1.20
2026-05-23 21:00,1.24,1.15,1.28,1.21
2026-05-23 22:00,1.14,1.20,1.12,1.38
2026-05-23 23:00,1.03,1.11,1.30,1.30
2026-05-24 00:00,1.18,1.23,1.42,1.37
2026-05-24 01:00,1.16,1.28,1.32,1.35
2026-05-24 02:00,1.07,1.13,1.13,1.31
2026-05-24 03:00,1.20,1.25,1.29,1.19
2026-05-24 04:00,1.11,1.16,1.16,1.30
2026-05-24 05:00,1.15,1.29,1.25,1.30
2026-05-24 06:00,0.94,1.27,1.21,1.27
2026-05-24 07:00,1.18,1.37,1.22,1.30
2026-05-24 08:00,1.25,1.21,1.42,1.41
2026-05-24 09:00,1.32,1.32,1.67,1.60
2026-05-24 10:00,1.41,1.62,1.73,1.61
2026-05-24 11:00,1.41,1.38,1.77,1.67
2026-05-24 12:00,1.30,1.35,1.45,1.54
2026-05-24 13:00,1.54,1.65,1.37,1.70
2026-05-24 14:00,1.38,1.46,1.48,1.66
2026-05-24 15:00,1.18,1.57,1.50,1.51
2026-05-24 16:00,1.30,1.30,1.16,1.48
2026-05-24 17:00,1.15,1.19,1.26,1.43
2026-05-24 18:00,1.16,1.23,1.53,1.41
2026-05-24 19:00,1.10,1.04,1.39,1.30
2026-05-24 20:00,1.26,1.22,1.23,1.42
2026-05-24 21:00,1.05,1.06,1.00,1.45
2026-05-24 22:00,1.21,1.23,1.13,1.42
2026-05-24 23:00,1.03,1.37,1.20,1.19
2026-05-25 00:00,1.06,1.23,1.39,1.48
2026-05-25 01:00,1.21,1.24,1.35,1.22
2026-05-25 02:00,1.22,1.18,1.25,1.30
2026-05-25 03:00,1.31,1.23,1.26,1.24
2026-05-25 04:00,1.20,1.22,1.26,1.35
2026-05-25 05:00,1.05,1.32,1.19,1.39
2026-05-25 06:00,1.09,1.14,1.17,1.57
2026-05-25 07:00,1.15,1.23,1.38,1.49
2026-05-25 08:00,1.56,1.43,1.37,1.39
2026-05-25 09:00,1.48,1.53,1.55,1.46
2026-05-25 10:00,1.27,1.37,1.37,1.57
2026-05-25 11:00,1.54,1.50,1.48,1.66
2026-05-25 12:00,1.43,1.63,1.78,1.38
2026-05-25 13:00,1.48,1.63,1.60,1.52
2026-05-25 14:00,1.50,1.45,1.71,1.53
2026-05-25 15:00,1.24,1.48,1.42,1.35
2026-05-25 16:00,1.10,1.43,1.47,1.38
2026-05-25 17:00,1.29,1.33,1.20,1.37
2026-05-25 18:00,1.13,1.07,1.25,1.39
2026-05-25 19:00,1.14,1.22,1.30,1.17
2026-05-25 20:00,1.22,1.10,1.18,1.20
2026-05-25 21:00,1.16,1.24,1.16,1.50
2026-05-25 22:00,1.10,1.31,1.32,1.22
2026-05-25 23:00,1.15,1.27,1.32,1.40
2026-05-26 00:00,1.21,1.27,1.15,1.33
2026-05-26 01:00,1.16,1.06,1.31,1.23
2026-05-26 02:00,1.13,1.09,1.23,1.32
2026-05-26 03:00,1.01,1.17,1.33,1.28
2026-05-26 04:00,1.03,1.20,1.36,1.25
2026-05-26 05:00,1.11,1.34,1.09,1.20
2026-05-26 06:00,1.21,1.31,1.37,1.22
2026-05-26 07:00,1.09,1.25,1.41,1.49
2026-05-26 08:00,1.05,1.49,1.29,1.42
2026-05-26 09:00,1.39,1.42,1.40,1.45
2026-05-26 10:00,1.31,1.49,1.61,1.63
2026-05-26 11:00,1.54,1.56,1.55,1.48
2026-05-26 12:00,1.53,1.41,1.72,1.56
2026-05-26 13:00,1.39,1.38,1.57,1.62
2026-05-26 14:00,1.49,1.49,1.39,1.60
2026-05-26 15:00,1.31,1.50,1.51,1.51
2026-05-26 16:00,1.14,1.24,1.39,1.54
2026-05-26 17:00,1.10,1.25,1.15,1.40
2026-05-26 18:00,1.17,1.05,1.32,1.20
2026-05-26 19:00,1.21,1.09,1.26,1.29
2026-05-26 20:00,1.13,1.09,1.22,1.07
2026-05-26 21:00,1.09,1.28,1.44,1.49
2026-05-26 22:00,1.32,1.19,1.26,1.37
2026-05-26 23:00,1.18,1.15,1.16,1.31
2026-05-27 00:00,1.10,1.17,1.20,1.29
2026-05-27 01:00,1.22,1.24,1.37,1.22
2026-05-27 02:00,1.23,1.22,1.17,1.24
2026-05-27 03:00,1.04,1.13,1.36,1.14
2026-05-27 04:00,1.11,1.20,1.42,1.50
2026-05-27 05:00,1.19,1.30,1.13,1.35
2026-05-27 06:00,1.21,1.32,1.35,1.19
2026-05-27 07:00,1.08,1.34,1.23,1.55
2026-05-27 08:00,1.32,1.53,1.40,1.41
2026-05-27 09:00,1.51,1.51,1.40,1.80
2026-05-27 10:00,1.41,1.60,1.60,1.62
2026-05-27 11:00,1.46,1.41,1.50,1.72
2026-05-27 12:00,1.56,1.55,1.39,1.55
2026-05-27 13:00,1.53,1.70,1.49,1.66
2026-05-27 14:00,1.30,1.57,1.61,1.73
2026-05-27 15:00,1.36,1.31,1.43,1.52
2026-05-27 16:00,1.28,1.24,1.44,1.38
2026-05-27 17:00,1.26,1.29,1.30,1.43
2026-05-27 18:00,1.19,1.11,1.13,1.31
2026-05-27 19:00,1.18,1.20,1.24,1.19
2026-05-27 20:00,1.16,1.36,1.30,1.42
2026-05-27 21:00,1.31,1.39,1.42,1.17
2026-05-27 22:00,1.31,1.32,1.27,1.20
2026-05-27 23:00,1.16,1.16,1.24,1.43
2026-05-28 00:00,1.08,1.14,1.21,1.41
2026-05-28 01:00,1.25,1.24,1.07,1.26
2026-05-28 02:00,1.12,1.15,1.17,1.33
2026-05-28 03:00,1.07,1.10,1.21,1.24
2026-05-28 04:00,1.20,1.09,1.38,1.48
2026-05-28 05:00,1.06,1.25,1.11,1.47
2026-05-28 06:00,1.29,1.10,1.29,1.34
2026-05-28 07:00,1.26,1.28,1.26,1.42
2026-05-28 08:00,1.45,1.43,1.32,1.40
2026-05-28 09:00,1.32,1.39,1.51,1.57
2026-05-28 10:00,1.59,1.30,1.43,1.51
2026-05-28 11:00,1.43,1.42,1.53,1.51
2026-05-28 12:00,1.33,1.60,1.66,1.48
2026-05-28 13:00,1.61,1.48,1.51,1.68
2026-05-28 14:00,1.56,1.57,1.65,1.43
2026-05-28 15:00,1.49,1.20,1.43,1.40
2026-05-28 16:00,1.43,1.42,1.41,1.53
2026-05-28 17:00,1.23,1.41,1.26,1.37
2026-05-28 18:00,0.90,1.22,1.13,1.26
2026-05-28 19:00,1.11,1.18,1.18,1.39
2026-05-28 20:00,1.04,1.14,1.33,1.40
2026-05-28 21:00,1.18,1.40,1.39,1.18
2026-05-28 22:00,1.16,1.21,1.38,1.31
2026-05-28 23:00,1.06,1.10,1.37,1.23
2026-05-29 00:00,1.12,1.04,1.29,1.16
2026-05-29 01:00,1.04,1.14,1.31,1.34
2026-05-29 02:00,1.18,1.17,1.42,1.43
2026-05-29 03:00,1.17,1.08,1.27,1.35
2026-05-29 04:00,1.07,1.05,1.31,1.29
2026-05-29 05:00,1.14,1.12,1.35,1.26
2026-05-29 06:00,1.14,1.29,1.51,1.17
2026-05-29 07:00,1.28,1.36,1.32,1.35
2026-05-29 08:00,1.20,1.41,1.35,1.35
2026-05-29 09:00,1.29,1.67,1.67,1.53
2026-05-29 10:00,1.39,1.46,1.55,1.58
2026-05-29 11:00,1.36,1.75,1.45,1.53
2026-05-29 12:00,1.44,1.54,1.59,1.49
2026-05-29 13:00,1.43,1.28,1.55,1.68
2026-05-29 14:00,1.45,1.50,1.42,1.56
2026-05-29 15:00,1.44,1.42,1.43,1.59
2026-05-29 16:00,1.33,1.30,1.22,1.49
2026-05-29 17:00,1.26,1.27,1.36,1.35
2026-05-29 18:00,1.36,1.12,1.18,1.52
2026-05-29 19:00,1.20,1.18,1.29,1.43
2026-05-29 20:00,1.23,0.96,1.20,1.25
2026-05-29 21:00,1.33,1.34,1.09,1.20
2026-05-29 22:00,1.34,1.25,1.17,1.41
2026-05-29 23:00,1.45,1.15,1.13,1.20
2026-05-30 00:00,1.15,1.04,1.26,1.30
2026-05-30 01:00,1.15,1.26,1.23,1.29
2026-05-30 02:00,1.15,1.10,1.30,1.22
2026-05-30 03:00,1.20,1.27,1.21,1.28
2026-05-30 04:00,1.30,1.36,1.34,1.30
2026-05-30 05:00,1.07,1.22,1.15,1.28
2026-05-30 06:00,1.24,1.37,1.23,1.18
2026-05-30 07:00,1.13,1.35,1.40,1.43
2026-05-30 08:00,1.17,1.19,1.44,1.38
2026-05-30 09:00,1.31,1.58,1.54,1.47
2026-05-30 10:00,1.44,1.25,1.35,1.60
2026-05-30 11:00,1.29,1.68,1.45,1.82
2026-05-30 12:00,1.36,1.44,1.47,1.65
2026-05-30 13:00,1.35,1.64,1.53,1.57
2026-05-30 14:00,1.35,1.44,1.61,1.59
2026-05-30 15:00,1.32,1.31,1.28,1.58
2026-05-30 16:00,1.27,1.39,1.57,1.38
2026-05-30 17:00,1.22,1.33,1.34,1.35
2026-05-30 18:00,1.18,1.24,1.31,1.23
2026-05-30 19:00,1.29,1.28,1.16,1.25
2026-05-30 20:00,1.17,1.10,1.28,1.49
2026-05-30 21:00,1.08,1.17,1.25,1.27
2026-05-30 22:00,1.08,1.16,1.31,1.33
2026-05-30 23:00,1.14,1.34,1.22,1.22
2026-05-31 00:00,1.09,1.27,1.27,1.21
2026-05-31 01:00,1.22,1.29,1.42,1.44
2026-05-31 02:00,1.14,1.15,1.14,1.32
2026-05-31 03:00,1.08,1.09,1.35,1.43
2026-05-31 04:00,1.20,1.27,1.10,1.47
2026-05-31 05:00,1.24,1.27,1.28,1.27
2026-05-31 06:00,1.29,1.19,1.25,1.23
2026-05-31 07:00,1.16,1.25,1.44,1.35
2026-05-31 08:00,1.31,1.37,1.22,1.38
2026-05-31 09:00,1.46,1.31,1.42,1.44
2026-05-31 10:00,1.27,1.60,1.52,1.83
2026-05-31 11:00,1.36,1.61,1.54,1.50
2026-05-31 12:00,1.57,1.48,1.39,1.69
2026-05-31 13:00,1.44,1.46,1.62,1.56
2026-05-31 14:00,1.36,1.44,1.48,1.62
2026-05-31 15:00,1.39,1.29,1.38,1.53
2026-05-31 16:00,1.29,1.22,1.36,1.40
2026-05-31 17:00,1.40,1.18,1.50,1.20
2026-05-31 18:00,1.06,1.12,1.39,1.34
2026-05-31 19:00,1.15,1.21,1.24,1.36
2026-05-31 20:00,1.20,1.17,1.21,1.28
2026-05-31 21:00,1.08,1.32,1.35,1.34
2026-05-31 22:00,1.28,1.15,1.07,1.28
2026-05-31 23:00,1.23,1.11,1.27,1.35
2026-06-01 00:00,1.10,1.29,1.44,1.42
2026-06-01 01:00,1.22,1.09,1.33,1.33
2026-06-01 02:00,1.14,1.29,1.21,1.33
2026-06-01 03:00,1.17,1.04,1.11,1.45
2026-06-01 04:00,0.99,1.31,1.30,1.30
2026-06-01 05:00,1.02,1.06,1.29,1.21
2026-06-01 06:00,1.13,1.32,1.51,1.39
2026-06-01 07:00,1.24,1.22,1.23,1.25
2026-06-01 08:00,1.22,1.41,1.31,1.47
2026-06-01 09:00,1.35,1.37,1.51,1.48
2026-06-01 10:00,1.21,1.44,1.48,1.62
2026-06-01 11:00,1.49,1.58,1.62,1.72
2026-06-01 12:00,1.22,1.41,1.60,1.63
2026-06-01 13:00,1.35,1.60,1.61,1.47
2026-06-01 14:00,1.45,1.45,1.47,1.62
2026-06-01 15:00,1.34,1.32,1.51,1.54
2026-06-01 16:00,1.32,1.38,1.19,1.69
2026-06-01 17:00,1.24,1.39,1.14,1.25
2026-06-01 18:00,1.08,1.10,1.37,1.35
2026-06-01 19:00,1.09,1.12,1.42,1.29
2026-06-01 20:00,1.29,1.11,1.18,1.34
2026-06-01 21:00,1.06,1.29,1.13,1.29
2026-06-01 22:00,1.14,1.12,1.34,1.39
2026-06-01 23:00,1.15,1.20,1.36,1.20
2026-06-02 00:00,1.27,0.99,1.26,1.31
2026-06-02 01:00,1.11,1.14,1.39,1.33
2026-06-02 02:00,1.15,1.18,1.24,1.38
2026-06-02 03:00,1.02,1.15,1.19,1.38
2026-06-02 04:00,1.32,1.18,1.45,1.17
2026-06-02 05:00,1.01,1.28,1.12,1.31
2026-06-02 06:00,1.27,1.08,1.46,1.27
2026-06-02 07:00,1.21,1.26,1.18,1.43
2026-06-02 08:00,1.27,1.43,1.25,1.50
2026-06-02 09:00,1.51,1.40,1.58,1.54
2026-06-02 10:00,1.29,1.48,1.46,1.80
2026-06-02 11:00,1.44,1.36,1.42,1.52
2026-06-02 12:00,1.43,1.54,1.56,1.58
2026-06-02 13:00,1.59,1.67,1.42,1.52
2026-06-02 14:00,1.36,1.51,1.53,1.75
2026-06-02 15:00,1.26,1.45,1.40,1.54
2026-06-02 16:00,1.31,1.56,1.44,1.48
2026-06-02 17:00,1.22,1.04,1.37,1.32
2026-06-02 18:00,1.10,1.09,1.15,1.36
2026-06-02 19:00,1.12,1.17,1.22,1.40
2026-06-02 20:00,0.99,1.19,1.28,1.15
2026-06-02 21:00,1.09,1.18,1.40,1.38
2026-06-02 22:00,1.19,1.12,1.35,1.34
2026-06-02 23:00,1.21,1.17,1.38,1.39
2026-06-03 00:00,1.24,1.09,1.32,1.37
2026-06-03 01:00,1.28,1.20,1.16,1.20
2026-06-03 02:00,1.29,1.33,1.26,1.33
2026-06-03 03:00,0.98,1.22,1.32,1.35
2026-06-03 04:00,1.13,1.30,1.28,1.39
2026-06-03 05:00,1.12,1.21,1.19,1.16
2026-06-03 06:00,1.31,1.08,1.28,1.24
2026-06-03 07:00,1.27,1.20,1.34,1.51
2026-06-03 08:00,1.27,1.25,1.44,1.49
2026-06-03 09:00,1.38,1.29,1.31,1.52
2026-06-03 10:00,1.34,1.63,1.56,1.58
2026-06-03 11:00,1.45,1.41,1.52,1.52
2026-06-03 12:00,1.53,1.61,1.34,1.52
2026-06-03 13:00,1.43,1.62,1.73,1.69
2026-06-03 14:00,1.47,1.40,1.40,1.37
2026-06-03 15:00,1.27,1.30,1.51,1.38
2026-06-03 16:00,1.23,1.40,1.57,1.52
2026-06-03 17:00,1.22,1.30,1.35,1.27
2026-06-03 18:00,1.36,1.16,1.13,1.17
2026-06-03 19:00,1.26,1.06,1.45,1.25
2026-06-03 20:00,1.11,1.06,1.32,1.33
2026-06-03 21:00,1.08,1.41,1.23,1.08
2026-06-03 22:00,1.32,1.13,1.14,1.26
2026-06-03 23:00,1.24,1.09,1.06,1.33
2026-06-04 00:00,1.03,1.17,1.30,1.25
2026-06-04 01:00,0.94,1.16,1.26,1.34
2026-06-04 02:00,1.23,1.21,1.32,1.40
2026-06-04 03:00,1.04,1.19,1.14,1.15
2026-06-04 04:00,1.11,1.25,1.24,1.39
2026-06-04 05:00,1.08,1.17,1.20,1.27
2026-06-04 06:00,1.02,1.09,1.21,1.49
2026-06-04 07:00,1.06,1.24,1.35,1.49
2026-06-04 08:00,1.49,1.39,1.52,1.34
2026-06-04 09:00,1.50,1.41,1.50,1.60
2026-06-04 10:00,1.36,1.54,1.70,1.50
2026-06-04 11:00,1.38,1.55,1.73,1.55
2026-06-04 12:00,1.45,1.48,1.53,1.77
2026-06-04 13:00,1.30,1.46,1.60,1.63
2026-06-04 14:00,1.41,1.41,1.51,1.61
2026-06-04 15:00,1.40,1.66,1.45,1.56
2026-06-04 16:00,1.31,1.43,1.37,1.33
2026-06-04 17:00,1.35,1.23,1.17,1.34
2026-06-04 18:00,1.12,1.18,1.21,1.20
2026-06-04 19:00,1.06,0.89,1.18,1.54
2026-06-04 20:00,1.12,1.22,1.34,1.32
2026-06-04 21:00,1.23,1.28,1.27,1.29
2026-06-04 22:00,1.27,1.36,1.15,1.29
2026-06-04 23:00,1.11,1.12,1.24,1.26
2026-06-05 00:00,1.22,1.20,1.20,1.34
2026-06-05 01:00,1.03,0.99,1.18,1.26
2026-06-05 02:00,1.08,1.07,1.37,1.25
2026-06-05 03:00,1.16,1.13,1.38,1.21
2026-06-05 04:00,1.15,1.33,1.22,1.30
2026-06-05 05:00,1.13,1.26,1.20,1.17
2026-06-05 06:00,1.04,1.14,1.27,1.26
2026-06-05 07:00,1.14,1.30,1.36,1.32
2026-06-05 08:00,1.45,1.45,1.43,1.40
2026-06-05 09:00,1.30,1.27,1.51,1.72
2026-06-05 10:00,1.52,1.44,1.53,1.61
2026-06-05 11:00,1.48,1.39,1.54,1.59
2026-06-05 12:00,1.44,1.50,1.48,1.54
2026-06-05 13:00,1.39,1.46,1.70,1.66
2026-06-05 14:00,1.40,1.36,1.43,1.44
2026-06-05 15:00,1.25,1.31,1.39,1.54
2026-06-05 16:00,1.10,1.24,1.41,1.44
2026-06-05 17:00,1.19,1.42,1.58,1.14
2026-06-05 18:00,1.09,1.23,1.26,1.35
2026-06-05 19:00,1.12,1.37,1.16,1.18
2026-06-05 20:00,1.10,1.27,1.38,1.38
2026-06-05 21:00,1.07,1.23,1.18,1.21
2026-06-05 22:00,1.15,1.22,1.08,1.46
2026-06-05 23:00,1.14,1.21,1.19,1.38
2026-06-06 00:00,1.28,1.28,1.27,1.29
2026-06-06 01:00,1.35,1.22,1.32,1.28
2026-06-06 02:00,1.27,1.26,1.10,1.27
2026-06-06 03:00,1.13,1.06,1.37,1.23
2026-06-06 04:00,1.07,1.22,1.27,1.40
2026-06-06 05:00,1.31,1.26,1.24,1.33
2026-06-06 06:00,1.22,1.31,1.19,1.24
2026-06-06 07:00,1.26,1.34,1.47,1.16
2026-06-06 08:00,1.38,1.29,1.36,1.38
2026-06-06 09:00,1.43,1.53,1.46,1.43
2026-06-06 10:00,1.38,1.37,1.31,1.61
2026-06-06 11:00,1.36,1.43,1.51,1.66
2026-06-06 12:00,1.55,1.55,1.42,1.62
2026-06-06 13:00,1.49,1.51,1.39,1.70
2026-06-06 14:00,1.65,1.59,1.45,1.52
2026-06-06 15:00,1.26,1.47,1.62,1.57
2026-06-06 16:00,1.18,1.33,1.32,1.54
2026-06-06 17:00,1.13,1.31,1.22,1.25
2026-06-06 18:00,1.17,1.12,1.34,1.21
2026-06-06 19:00,1.21,1.33,1.37,1.38
2026-06-06 20:00,1.21,1.25,1.33,1.28
2026-06-06 21:00,1.19,1.11,1.32,1.21
2026-06-06 22:00,1.04,1.20,1.39,1.23
2026-06-06 23:00,1.23,1.18,1.27,1.41
2026-06-07 00:00,1.06,1.10,1.34,1.32
2026-06-07 01:00,1.20,1.17,1.29,1.25
2026-06-07 02:00,1.12,1.28,1.13,1.44
2026-06-07 03:00,1.20,1.23,1.29,1.09
2026-06-07 04:00,1.10,1.13,1.20,1.27
2026-06-07 05:00,1.13,1.26,1.44,1.19
2026-06-07 06:00,1.15,1.19,1.23,1.41
2026-06-07 07:00,1.25,1.32,1.20,1.42
2026-06-07 08:00,1.18,1.35,1.35,1.41
2026-06-07 09:00,1.16,1.42,1.48,1.36
2026-06-07 10:00,1.44,1.51,1.51,1.57
2026-06-07 11:00,1.47,1.53,1.50,1.61
2026-06-07 12:00,1.67,1.43,1.63,1.69
2026-06-07 13:00,1.40,1.50,1.51,1.71
2026-06-07 14:00,1.48,1.31,1.60,1.58
2026-06-07 15:00,1.43,1.43,1.47,1.70
2026-06-07 16:00,1.33,1.32,1.48,1.51
2026-06-07 17:00,1.16,1.27,1.36,1.20
2026-06-07 18:00,1.20,1.51,1.40,1.21
2026-06-07 19:00,1.13,1.19,1.27,1.38
2026-06-07 20:00,1.16,1.11,1.30,1.33
2026-06-07 21:00,1.02,1.24,1.21,1.44
2026-06-07 22:00,1.34,1.05,1.24,1.38
2026-06-07 23:00,1.07,0.99,1.21,1.39
2026-06-08 00:00,1.14,1.09,1.21,1.08
2026-06-08 01:00,1.00,1.26,1.23,1.14
2026-06-08 02:00,1.18,1.30,1.28,1.31
2026-06-08 03:00,1.16,1.25,1.25,1.12
2026-06-08 04:00,1.07,1.22,1.33,1.33
2026-06-08 05:00,0.98,1.22,1.31,1.16
2026-06-08 06:00,1.19,1.22,1.43,1.23
2026-06-08 07:00,1.14,1.27,1.29,1.40
2026-06-08 08:00,1.38,1.39,1.40,1.40
2026-06-08 09:00,1.14,1.47,1.49,1.59
2026-06-08 10:00,1.46,1.42,1.60,1.52
2026-06-08 11:00,1.45,1.49,1.78,1.61
2026-06-08 12:00,1.40,1.34,1.68,1.53
2026-06-08 13:00,1.40,1.51,1.45,1.67
2026-06-08 14:00,1.44,1.63,1.46,1.67
2026-06-08 15:00,1.07,1.46,1.52,1.56
2026-06-08 16:00,1.21,1.27,1.29,1.33
2026-06-08 17:00,1.24,1.45,1.28,1.46
2026-06-08 18:00,1.13,1.17,1.52,1.37
2026-06-08 19:00,1.24,1.12,1.31,1.39
2026-06-08 20:00,1.31,1.27,1.26,1.23
2026-06-08 21:00,1.04,1.14,1.18,1.36
2026-06-08 22:00,1.08,1.27,1.07,1.40
2026-06-08 23:00,1.09,1.17,1.21,1.30
2026-06-09 00:00,1.20,1.06,1.27,1.27
2026-06-09 01:00,1.08,1.02,1.28,1.52
2026-06-09 02:00,1.06,1.10,1.24,1.41
2026-06-09 03:00,1.23,1.29,1.15,1.18
2026-06-09 04:00,1.32,1.46,1.31,1.23
2026-06-09 05:00,1.12,1.29,1.24,1.29
2026-06-09 06:00,1.09,1.12,1.43,1.24
2026-06-09 07:00,1.23,1.30,1.31,1.34
2026-06-09 08:00,1.17,1.15,1.30,1.43
2026-06-09 09:00,1.39,1.53,1.33,1.52
2026-06-09 10:00,1.48,1.51,1.51,1.41
2026-06-09 11:00,1.58,1.42,1.59,1.62
2026-06-09 12:00,1.25,1.58,1.45,1.70
2026-06-09 13:00,1.54,1.57,1.40,1.62
2026-06-09 14:00,1.41,1.48,1.53,1.58
2026-06-09 15:00,1.39,1.38,1.44,1.39
2026-06-09 16:00,1.36,1.20,1.30,1.36
2026-06-09 17:00,1.18,1.12,1.49,1.24
2026-06-09 18:00,1.19,1.09,1.27,1.33
2026-06-09 19:00,1.24,1.05,1.25,1.36
2026-06-09 20:00,1.35,1.22,1.39,1.45
2026-06-09 21:00,1.16,1.21,1.16,1.34
2026-06-09 22:00,1.01,1.21,1.16,1.33
2026-06-09 23:00,1.26,1.07,1.19,1.20
2026-06-10 00:00,1.05,1.25,1.39,1.29
2026-06-10 01:00,1.24,0.94,1.21,1.21
2026-06-10 02:00,1.10,1.16,1.26,1.17
2026-06-10 03:00,1.22,1.26,1.15,1.10
2026-06-10 04:00,1.05,1.17,1.45,1.34
2026-06-10 05:00,1.14,1.30,1.16,1.31
2026-06-10 06:00,0.94,1.27,1.16,1.41
2026-06-10 07:00,1.27,1.23,1.31,1.31
2026-06-10 08:00,1.31,1.30,1.53,1.48
2026-06-10 09:00,1.25,1.38,1.38,1.34
2026-06-10 10:00,1.31,1.37,1.46,1.65
2026-06-10 11:00,1.35,1.46,1.55,1.47
2026-06-10 12:00,1.55,1.55,1.31,1.61
2026-06-10 13:00,1.31,1.42,1.55,1.54
2026-06-10 14:00,1.39,1.45,1.52,1.67
2026-06-10 15:00,1.43,1.44,1.49,1.26
2026-06-10 16:00,1.26,1.34,1.37,1.46
2026-06-10 17:00,1.28,1.19,1.41,1.39
2026-06-10 18:00,1.30,1.24,1.32,1.37
2026-06-10 19:00,1.25,1.26,1.25,1.33
2026-06-10 20:00,1.20,1.17,1.38,1.21
2026-06-10 21:00,1.06,1.14,1.31,1.52
2026-06-10 22:00,1.32,1.17,1.33,1.29
2026-06-10 23:00,1.15,1.10,1.34,1.31
2026-06-11 00:00,1.13,1.18,1.29,1.44
2026-06-11 01:00,1.19,1.15,1.16,1.37
2026-06-11 02:00,1.19,1.28,1.18,1.29
2026-06-11 03:00,1.26,1.33,1.40,1.27
2026-06-11 04:00,1.10,1.10,1.21,1.45
2026-06-11 05:00,1.15,1.27,1.17,1.33
2026-06-11 06:00,1.20,1.22,1.27,1.20
2026-06-11 07:00,1.29,1.26,1.22,1.46
2026-06-11 08:00,1.41,1.26,1.68,1.31
2026-06-11 09:00,1.50,1.17,1.34,1.57
2026-06-11 10:00,1.31,1.46,1.45,1.44
2026-06-11 11:00,1.46,1.43,1.59,1.75
2026-06-11 12:00,1.33,1.39,1.60,1.60
2026-06-11 13:00,1.64,1.68,1.40,1.56
2026-06-11 14:00,1.52,1.56,1.53,1.53
2026-06-11 15:00,1.53,1.40,1.61,1.51
2026-06-11 16:00,1.44,1.34,1.26,1.31
2026-06-11 17:00,1.11,1.25,1.23,1.34
2026-06-11 18:00,1.36,1.24,1.17,1.33
2026-06-11 19:00,1.15,1.14,1.20,1.05
2026-06-11 20:00,1.26,1.17,1.19,1.54
2026-06-11 21:00,1.22,1.13,1.39,1.30
2026-06-11 22:00,1.11,1.24,1.10,1.35
2026-06-11 23:00,1.09,1.26,1.42,1.20
2026-06-12 00:00,1.01,1.16,1.29,1.29
2026-06-12 01:00,1.07,1.03,1.41,1.42
2026-06-12 02:00,1.09,1.24,1.28,1.17
2026-06-12 03:00,1.28,1.06,1.16,1.34
2026-06-12 04:00,1.29,1.28,1.36,1.27
2026-06-12 05:00,1.06,1.29,1.22,1.47
2026-06-12 06:00,1.25,1.04,1.31,1.15
2026-06-12 07:00,1.21,1.20,1.18,1.53
2026-06-12 08:00,1.33,1.49,1.47,1.50
2026-06-12 09:00,1.38,1.55,1.55,1.52
2026-06-12 10:00,1.41,1.61,1.44,1.53
2026-06-12 11:00,1.56,1.45,1.42,1.66
2026-06-12 12:00,1.45,1.65,1.48,1.53
2026-06-12 13:00,1.41,1.63,1.42,1.74
2026-06-12 14:00,1.40,1.31,1.54,1.59
2026-06-12 15:00,1.28,1.36,1.26,1.50
2026-06-12 16:00,1.46,1.47,1.56,1.49
2026-06-12 17:00,1.20,1.20,1.46,1.35
2026-06-12 18:00,1.24,1.07,1.23,1.28
2026-06-12 19:00,1.25,1.37,1.20,1.28
2026-06-12 20:00,1.09,1.35,1.15,1.42
2026-06-12 21:00,1.11,1.18,1.19,1.29
2026-06-12 22:00,1.06,1.29,1.29,1.35
2026-06-12 23:00,1.08,1.21,1.13,1.31
2026-06-13 00:00,1.35,1.29,1.29,1.37
2026-06-13 01:00,0.99,1.00,1.27,1.30
2026-06-13 02:00,1.36,1.26,1.21,1.27
2026-06-13 03:00,1.18,1.22,1.10,1.10
2026-06-13 04:00,1.12,1.09,1.18,1.29
2026-06-13 05:00,1.09,1.21,1.24,1.31
2026-06-13 06:00,1.03,1.17,1.22,1.26
2026-06-13 07:00,1.13,1.14,1.32,1.60
2026-06-13 08:00,1.43,1.44,1.66,1.54
2026-06-13 09:00,1.46,1.59,1.51,1.58
2026-06-13 10:00,1.50,1.31,1.66,1.45
2026-06-13 11:00,1.53,1.58,1.49,1.63
2026-06-13 12:00,1.33,1.45,1.66,1.69
2026-06-13 13:00,1.58,1.44,1.70,1.66
2026-06-13 14:00,1.64,1.56,1.60,1.52
2026-06-13 15:00,1.39,1.45,1.53,1.49
2026-06-13 16:00,1.30,1.43,1.58,1.60
2026-06-13 17:00,1.25,1.17,1.37,1.25
2026-06-13 18:00,1.17,1.18,1.23,1.21
2026-06-13 19:00,1.25,1.25,1.13,1.30
2026-06-13 20:00,1.13,1.07,1.25,1.29
2026-06-13 21:00,1.12,1.13,1.23,1.61
2026-06-13 22:00,1.16,1.29,1.18,1.29
2026-06-13 23:00,1.10,1.28,1.25,1.39
2026-06-14 00:00,1.21,1.09,1.20,1.22
2026-06-14 01:00,1.06,1.25,1.52,1.26
2026-06-14 02:00,1.13,1.17,1.23,1.36
2026-06-14 03:00,1.21,1.11,1.31,1.15
2026-06-14 04:00,1.05,1.07,1.28,1.25
2026-06-14 05:00,1.07,1.16,1.30,1.33
2026-06-14 06:00,1.13,1.26,1.29,1.41
2026-06-14 07:00,1.17,1.54,1.37,1.49
2026-06-14 08:00,1.29,1.32,1.49,1.37
2026-06-14 09:00,1.49,1.56,1.60,1.27
2026-06-14 10:00,1.42,1.42,1.52,1.39
2026-06-14 11:00,1.25,1.61,1.53,1.51
2026-06-14 12:00,1.42,1.41,1.57,1.57
2026-06-14 13:00,1.61,1.54,1.66,1.52
2026-06-14 14:00,1.37,1.38,1.41,1.46
2026-06-14 15:00,1.34,1.44,1.42,1.48
2026-06-14 16:00,1.30,1.48,1.32,1.37
2026-06-14 17:00,1.23,1.20,1.49,1.37
2026-06-14 18:00,1.16,1.28,1.37,1.35
2026-06-14 19:00,1.21,1.12,1.33,1.13
2026-06-14 20:00,1.16,1.38,1.30,1.24
2026-06-14 21:00,1.16,1.20,1.32,1.28
2026-06-14 22:00,1.04,1.15,1.25,1.28
2026-06-14 23:00,0.92,1.14,1.49,1.22
2026-06-15 00:00,1.03,1.37,1.20,1.09
2026-06-15 01:00,1.13,1.14,1.30,1.19
2026-06-15 02:00,1.03,1.27,1.20,1.32
2026-06-15 03:00,1.20,1.25,1.26,1.29
2026-06-15 04:00,1.27,1.13,1.28,1.46
2026-06-15 05:00,1.16,1.14,1.32,1.28
2026-06-15 06:00,1.22,1.21,1.29,1.40
2026-06-15 07:00,1.18,1.11,1.35,1.53
2026-06-15 08:00,1.20,1.21,1.28,1.40
2026-06-15 09:00,1.41,1.34,1.44,1.37
2026-06-15 10:00,1.32,1.42,1.48,1.49
2026-06-15 11:00,1.40,1.46,1.45,1.69
2026-06-15 12:00,1.43,1.70,1.51,1.59
2026-06-15 13:00,1.47,1.41,1.61,1.61
2026-06-15 14:00,1.40,1.48,1.46,1.41
2026-06-15 15:00,1.29,1.30,1.40,1.45
2026-06-15 16:00,1.32,1.63,1.51,1.41
2026-06-15 17:00,1.12,1.15,1.21,1.40
2026-06-15 18:00,1.03,1.14,1.30,1.20
2026-06-15 19:00,1.11,1.18,1.33,1.32
2026-06-15 20:00,1.19,1.28,1.33,1.31
2026-06-15 21:00,1.23,1.12,1.29,1.53
2026-06-15 22:00,1.32,1.12,1.12,1.37
2026-06-15 23:00,1.02,1.16,1.29,1.40
2026-06-16 00:00,1.19,1.25,1.36,1.24
2026-06-16 01:00,1.10,1.27,1.39,1.26
2026-06-16 02:00,1.11,1.16,1.22,1.35
2026-06-16 03:00,1.18,1.21,1.24,1.40
2026-06-16 04:00,1.19,1.29,1.16,1.31
2026-06-16 05:00,1.13,1.12,1.33,1.31
2026-06-16 06:00,1.11,1.24,1.14,1.25
2026-06-16 07:00,1.23,1.07,1.39,1.39
2026-06-16 08:00,1.22,1.20,1.49,1.50
2026-06-16 09:00,1.35,1.42,1.34,1.59
2026-06-16 10:00,1.55,1.47,1.42,1.73
2026-06-16 11:00,1.30,1.61,1.30,1.66
2026-06-16 12:00,1.50,1.39,1.72,1.59
2026-06-16 13:00,1.45,1.41,1.47,1.60
2026-06-16 14:00,1.40,1.47,1.63,1.67
2026-06-16 15:00,1.31,1.28,1.49,1.50
2026-06-16 16:00,1.18,1.53,1.35,1.38
2026-06-16 17:00,1.34,1.43,1.47,1.27
2026-06-16 18:00,1.10,1.27,1.33,1.32
2026-06-16 19:00,1.08,1.38,1.27,1.33
2026-06-16 20:00,1.06,1.11,1.41,1.39
2026-06-16 21:00,1.17,1.14,1.22,1.41
2026-06-16 22:00,1.15,1.24,1.23,1.28
2026-06-16 23:00,1.22,1.30,1.24,1.20
2026-06-17 00:00,1.12,1.22,1.31,1.36
2026-06-17 01:00,1.15,1.20,1.19,1.20
2026-06-17 02:00,1.20,1.36,1.14,1.22
2026-06-17 03:00,1.20,1.19,1.26,1.50
2026-06-17 04:00,1.17,1.15,1.33,1.33
2026-06-17 05:00,1.08,1.33,1.20,1.32
2026-06-17 06:00,1.02,1.21,1.17,1.10
2026-06-17 07:00,1.39,1.18,1.32,1.34
2026-06-17 08:00,1.24,1.31,1.20,1.51
2026-06-17 09:00,1.18,1.36,1.27,1.67
2026-06-17 10:00,1.58,1.45,1.35,1.53
2026-06-17 11:00,1.43,1.46,1.50,1.74
2026-06-17 12:00,1.55,1.64,1.69,1.53
2026-06-17 13:00,1.41,1.45,1.43,1.43
2026-06-17 14:00,1.27,1.52,1.69,1.55
2026-06-17 15:00,1.48,1.43,1.43,1.59
2026-06-17 16:00,1.28,1.30,1.44,1.43
2026-06-17 17:00,1.19,1.36,1.34,1.15
2026-06-17 18:00,1.20,1.20,1.21,1.52
2026-06-17 19:00,1.07,1.07,1.38,1.32
2026-06-17 20:00,1.26,1.21,1.38,1.33
2026-06-17 21:00,1.16,1.19,1.25,1.31
2026-06-17 22:00,1.03,1.20,1.26,1.40
2026-06-17 23:00,1.04,1.16,1.30,1.41
2026-06-18 00:00,1.00,1.26,1.21,1.30
2026-06-18 01:00,1.18,1.18,1.27,1.18
2026-06-18 02:00,1.19,1.13,1.25,1.40
2026-06-18 03:00,1.03,1.15,1.34,1.34
2026-06-18 04:00,1.15,1.22,1.20,1.38
2026-06-18 05:00,1.20,1.14,1.33,1.23
2026-06-18 06:00,1.14,1.01,1.32,1.38
2026-06-18 07:00,1.29,1.31,1.27,1.59
2026-06-18 08:00,1.09,1.44,1.48,1.50
2026-06-18 09:00,1.36,1.45,1.49,1.76
2026-06-18 10:00,1.37,1.41,1.44,1.44
2026-06-18 11:00,1.44,1.50,1.67,1.65
2026-06-18 12:00,1.44,1.50,1.44,1.67
2026-06-18 13:00,1.36,1.39,1.48,1.41
2026-06-18 14:00,1.51,1.51,1.41,1.59
2026-06-18 15:00,1.26,1.38,1.49,1.32
2026-06-18 16:00,1.24,1.23,1.36,1.53
2026-06-18 17:00,1.04,1.22,1.32,1.32
2026-06-18 18:00,1.25,1.24,1.34,1.33
2026-06-18 19:00,1.10,1.14,1.28,1.39
2026-06-18 20:00,1.22,1.29,1.36,1.41
2026-06-18 21:00,1.25,1.18,1.32,1.22
2026-06-18 22:00,1.19,1.24,1.31,1.19
2026-06-18 23:00,1.18,1.43,1.30,1.43
2026-06-19 00:00,1.18,1.10,1.10,1.28
2026-06-19 01:00,1.18,1.29,1.42,1.24
2026-06-19 02:00,1.24,1.29,1.31,1.25
2026-06-19 03:00,1.20,1.14,1.14,1.28
2026-06-19 04:00,1.38,1.19,1.22,1.31
2026-06-19 05:00,1.15,1.26,1.06,1.30
2026-06-19 06:00,1.11,1.35,1.29,1.30
2026-06-19 07:00,1.09,1.30,1.37,1.20
2026-06-19 08:00,1.38,1.46,1.51,1.44
2026-06-19 09:00,1.35,1.28,1.42,1.31
2026-06-19 10:00,1.45,1.42,1.45,1.55
2026-06-19 11:00,1.33,1.56,1.68,1.57
2026-06-19 12:00,1.25,1.54,1.61,1.66
2026-06-19 13:00,1.45,1.45,1.64,1.58
2026-06-19 14:00,1.20,1.35,1.65,1.42
2026-06-19 15:00,1.46,1.58,1.41,1.56
2026-06-19 16:00,1.27,1.39,1.32,1.50
2026-06-19 17:00,1.29,1.36,1.22,1.61
2026-06-19 18:00,1.22,1.24,1.29,1.30
2026-06-19 19:00,1.14,1.18,1.16,1.26
2026-06-19 20:00,0.92,1.20,1.27,1.50
2026-06-19 21:00,1.05,0.99,1.20,1.39
2026-06-19 22:00,1.30,1.16,1.25,1.23
2026-06-19 23:00,1.09,1.28,1.25,1.21
2026-06-20 00:00,1.02,1.18,1.40,1.26
2026-06-20 01:00,1.01,1.23,1.23,1.44
2026-06-20 02:00,1.02,1.35,1.37,1.25
2026-06-20 03:00,1.21,1.19,1.32,1.25
2026-06-20 04:00,1.18,1.17,1.32,1.26
2026-06-20 05:00,1.17,1.17,1.23,1.19
2026-06-20 06:00,1.11,1.16,1.31,1.29
2026-06-20 07:00,1.09,1.29,1.31,1.25
2026-06-20 08:00,1.47,1.40,1.31,1.49
2026-06-20 09:00,1.26,1.42,1.34,1.53
2026-06-20 10:00,1.40,1.49,1.40,1.55
2026-06-20 11:00,1.47,1.39,1.47,1.60
2026-06-20 12:00,1.40,1.22,1.48,1.64
2026-06-20 13:00,1.36,1.55,1.42,1.71
2026-06-20 14:00,1.31,1.36,1.41,1.80
2026-06-20 15:00,1.32,1.51,1.62,1.49
2026-06-20 16:00,1.16,1.40,1.36,1.54
2026-06-20 17:00,1.36,1.16,1.39,1.50
2026-06-20 18:00,1.23,1.09,1.28,1.48
2026-06-20 19:00,1.12,1.03,1.15,1.49
2026-06-20 20:00,1.02,1.10,1.40,1.45
2026-06-20 21:00,1.27,1.25,1.22,1.29
2026-06-20 22:00,1.05,1.26,1.34,1.29
2026-06-20 23:00,1.31,1.04,1.13,1.41
2026-06-21 00:00,1.01,1.08,1.37,1.36
2026-06-21 01:00,1.15,1.19,1.22,1.32
2026-06-21 02:00,1.09,1.07,1.06,1.44
2026-06-21 03:00,1.22,1.10,1.30,1.25
2026-06-21 04:00,1.20,1.33,1.23,1.50
2026-06-21 05:00,1.01,1.19,1.19,1.26
2026-06-21 06:00,1.22,1.17,1.16,1.40
2026-06-21 07:00,1.36,1.27,1.29,1.35
2026-06-21 08:00,1.53,1.34,1.31,1.62
2026-06-21 09:00,1.27,1.43,1.46,1.27
2026-06-21 10:00,1.48,1.48,1.53,1.52
2026-06-21 11:00,1.46,1.31,1.58,1.74
2026-06-21 12:00,1.45,1.66,1.51,1.69
2026-06-21 13:00,1.55,1.47,1.71,1.61
2026-06-21 14:00,1.44,1.52,1.41,1.60
2026-06-21 15:00,1.33,1.44,1.54,1.47
2026-06-21 16:00,1.31,1.21,1.27,1.49
2026-06-21 17:00,1.23,1.46,1.24,1.56
2026-06-21 18:00,1.14,1.30,1.34,1.24
2026-06-21 19:00,1.08,1.09,1.24,1.38
2026-06-21 20:00,1.06,1.30,1.32,1.29
2026-06-21 21:00,1.13,1.25,1.18,1.33
2026-06-21 22:00,0.93,1.06,1.14,1.40
2026-06-21 23:00,1.14,1.00,1.36,1.25
2026-06-22 00:00,1.13,1.12,1.19,1.37
2026-06-22 01:00,1.26,1.23,1.25,1.19
2026-06-22 02:00,1.06,1.23,1.22,1.14
2026-06-22 03:00,1.32,1.16,1.06,1.25
2026-06-22 04:00,0.98,1.03,1.26,1.42
2026-06-22 05:00,1.08,1.17,1.22,1.31
2026-06-22 06:00,1.32,1.30,1.20,1.14
2026-06-22 07:00,1.23,1.49,1.31,1.59
2026-06-22 08:00,1.21,1.19,1.31,1.28
2026-06-22 09:00,1.33,1.52,1.35,1.52
2026-06-22 10:00,1.29,1.33,1.58,1.74
2026-06-22 11:00,1.40,1.53,1.69,1.51
2026-06-22 12:00,1.48,1.46,1.62,1.60
2026-06-22 13:00,1.48,1.60,1.57,1.38
2026-06-22 14:00,1.46,1.61,1.45,1.51
2026-06-22 15:00,1.47,1.17,1.25,1.59
2026-06-22 16:00,1.10,1.51,1.45,1.61
2026-06-22 17:00,1.18,1.50,1.14,1.36
2026-06-22 18:00,1.15,1.26,1.24,1.29
2026-06-22 19:00,1.20,1.19,1.42,1.16
2026-06-22 20:00,1.00,1.29,1.25,1.30
2026-06-22 21:00,1.07,1.11,1.09,1.35
2026-06-22 22:00,1.15,1.26,1.29,1.38
2026-06-22 23:00,0.87,1.19,1.24,1.06
2026-06-23 00:00,1.15,1.23,1.19,1.33
2026-06-23 01:00,1.21,1.16,1.11,1.40
2026-06-23 02:00,1.16,1.27,1.16,1.16
2026-06-23 03:00,1.09,1.27,1.18,1.33
2026-06-23 04:00,1.21,1.12,1.12,1.32
2026-06-23 05:00,1.18,1.23,1.14,1.20
2026-06-23 06:00,1.23,1.17,1.26,1.31
2026-06-23 07:00,1.14,1.38,1.36,1.41
2026-06-23 08:00,1.23,1.40,1.52,1.42
2026-06-23 09:00,1.35,1.42,1.48,1.44
2026-06-23 10:00,1.35,1.34,1.45,1.55
2026-06-23 11:00,1.47,1.50,1.57,1.52
2026-06-23 12:00,1.37,1.54,1.52,1.67
2026-06-23 13:00,1.27,1.53,1.52,1.38
2026-06-23 14:00,1.40,1.53,1.46,1.65
2026-06-23 15:00,1.46,1.39,1.25,1.54
2026-06-23 16:00,1.04,1.34,1.34,1.26
2026-06-23 17:00,1.18,1.28,1.31,1.53
2026-06-23 18:00,1.10,1.10,1.29,1.19
2026-06-23 19:00,1.00,1.24,1.15,1.37
2026-06-23 20:00,1.08,1.26,1.16,1.18
2026-06-23 21:00,1.17,1.32,1.39,1.45
2026-06-23 22:00,1.10,1.14,1.06,1.34
2026-06-23 23:00,1.27,1.45,1.16,1.27
2026-06-24 00:00,1.24,1.14,1.22,1.51
2026-06-24 01:00,1.18,1.24,1.51,1.43
2026-06-24 02:00,1.32,1.16,1.35,1.21
2026-06-24 03:00,1.20,1.23,1.12,1.39
2026-06-24 04:00,1.22,1.32,1.26,1.28
2026-06-24 05:00,1.26,1.23,1.16,1.22
2026-06-24 06:00,1.11,1.08,1.18,1.24
2026-06-24 07:00,1.30,1.17,1.34,1.34
2026-06-24 08:00,1.29,1.37,1.39,1.49
2026-06-24 09:00,1.35,1.38,1.51,1.43
2026-06-24 10:00,1.29,1.55,1.64,1.42
2026-06-24 11:00,1.52,1.46,1.54,1.78
2026-06-24 12:00,1.54,1.58,1.68,1.43
2026-06-24 13:00,1.36,1.63,1.49,1.53
2026-06-24 14:00,1.24,1.42,1.62,1.47
2026-06-24 15:00,1.32,1.28,1.41,1.43
2026-06-24 16:00,1.34,1.32,1.41,1.43
2026-06-24 17:00,1.30,1.23,1.33,1.35
2026-06-24 18:00,1.18,1.27,1.41,1.32
2026-06-24 19:00,1.17,1.09,1.19,1.31
2026-06-24 20:00,1.14,1.20,1.42,1.35
2026-06-24 21:00,1.18,1.12,1.11,1.41
2026-06-24 22:00,1.13,1.01,1.34,1.49
2026-06-24 23:00,1.14,1.34,1.19,1.20
2026-06-25 00:00,1.32,1.25,1.40,1.35
2026-06-25 01:00,1.06,1.21,1.28,1.28
2026-06-25 02:00,1.14,1.24,1.34,1.31
2026-06-25 03:00,1.21,1.18,1.06,1.48
2026-06-25 04:00,1.14,1.33,1.29,1.25
2026-06-25 05:00,1.01,1.14,1.27,1.20
2026-06-25 06:00,1.17,1.25,1.24,1.27
2026-06-25 07:00,1.26,1.22,1.15,1.44
2026-06-25 08:00,1.34,1.43,1.34,1.27
2026-06-25 09:00,1.25,1.50,1.35,1.40
2026-06-25 10:00,1.48,1.53,1.44,1.47
2026-06-25 11:00,1.42,1.34,1.45,1.62
2026-06-25 12:00,1.32,1.45,1.56,1.62
2026-06-25 13:00,1.42,1.47,1.66,1.50
2026-06-25 14:00,1.54,1.38,1.70,1.75
2026-06-25 15:00,1.09,1.39,1.45,1.40
2026-06-25 16:00,1.23,1.44,1.28,1.45
2026-06-25 17:00,1.29,1.27,1.30,1.40
2026-06-25 18:00,1.00,1.09,1.17,1.48
2026-06-25 19:00,1.21,1.11,1.20,1.23
2026-06-25 20:00,1.19,1.16,1.17,1.28
2026-06-25 21:00,1.23,1.25,1.21,1.38
2026-06-25 22:00,1.21,1.18,1.13,1.12
2026-06-25 23:00,1.18,1.21,1.13,1.34
2026-06-26 00:00,1.05,1.22,1.20,1.36
2026-06-26 01:00,1.06,1.25,1.28,1.33
2026-06-26 02:00,1.08,1.12,1.28,1.28
2026-06-26 03:00,1.11,1.24,1.38,1.07
2026-06-26 04:00,1.15,1.18,1.39,1.19
2026-06-26 05:00,1.10,1.15,1.33,1.29
2026-06-26 06:00,1.27,1.30,1.34,1.40
2026-06-26 07:00,1.20,1.23,1.23,1.49
2026-06-26 08:00,1.40,1.41,1.44,1.56
2026-06-26 09:00,1.47,1.35,1.54,1.47
2026-06-26 10:00,1.34,1.62,1.59,1.48
2026-06-26 11:00,1.28,1.66,1.33,1.70
2026-06-26 12:00,1.48,1.58,1.55,1.60
2026-06-26 13:00,1.35,1.58,1.48,1.54
2026-06-26 14:00,1.39,1.41,1.56,1.68
2026-06-26 15:00,1.42,1.29,1.46,1.60
2026-06-26 16:00,1.07,1.42,1.49,1.55
2026-06-26 17:00,1.28,1.24,1.42,1.40
2026-06-26 18:00,1.15,1.18,1.20,1.21
2026-06-26 19:00,1.16,1.23,1.35,1.18
2026-06-26 20:00,1.13,1.22,1.18,1.31
2026-06-26 21:00,0.98,1.28,1.37,1.28
2026-06-26 22:00,1.11,1.17,1.29,1.26
2026-06-26 23:00,1.28,1.15,1.18,1.27
2026-06-27 00:00,1.10,1.09,1.27,1.18
2026-06-27 01:00,0.99,1.20,1.52,1.47
2026-06-27 02:00,1.27,1.06,1.20,1.29
2026-06-27 03:00,1.21,1.18,1.22,1.21
2026-06-27 04:00,1.18,1.25,1.01,1.43
2026-06-27 05:00,1.09,1.24,1.13,1.35
2026-06-27 06:00,1.28,1.33,1.30,1.34
2026-06-27 07:00,1.16,1.42,1.39,1.34
2026-06-27 08:00,1.29,1.21,1.36,1.40
2026-06-27 09:00,1.38,1.38,1.55,1.43
2026-06-27 10:00,1.54,1.47,1.58,1.46
2026-06-27 11:00,1.40,1.58,1.53,1.87
2026-06-27 12:00,1.14,1.49,1.40,1.73
2026-06-27 13:00,1.51,1.46,1.53,1.48
2026-06-27 14:00,1.42,1.55,1.46,1.67
2026-06-27 15:00,1.23,1.32,1.48,1.45
2026-06-27 16:00,1.37,1.42,1.44,1.47
2026-06-27 17:00,1.22,1.17,1.53,1.42
2026-06-27 18:00,1.29,1.09,1.22,1.45
2026-06-27 19:00,1.20,1.30,1.30,1.49
2026-06-27 20:00,1.16,1.38,1.22,1.41
2026-06-27 21:00,1.10,1.16,1.23,1.27
2026-06-27 22:00,1.23,1.30,1.11,1.32
2026-06-27 23:00,1.33,1.27,1.23,1.30
2026-06-28 00:00,1.15,1.36,1.27,1.33
2026-06-28 01:00,1.23,1.08,1.12,1.33
2026-06-28 02:00,1.02,1.16,1.19,1.22
2026-06-28 03:00,1.06,1.33,1.29,1.29
2026-06-28 04:00,1.00,1.11,1.07,1.46
2026-06-28 05:00,1.03,1.02,1.22,1.44
2026-06-28 06:00,1.19,1.20,1.23,1.42
2026-06-28 07:00,1.13,1.32,1.46,1.46
2026-06-28 08:00,1.24,1.45,1.63,1.54
2026-06-28 09:00,1.40,1.69,1.49,1.42
2026-06-28 10:00,1.41,1.61,1.52,1.71
2026-06-28 11:00,1.40,1.49,1.70,1.74
2026-06-28 12:00,1.42,1.51,1.39,1.73
2026-06-28 13:00,1.51,1.36,1.70,1.54
2026-06-28 14:00,1.51,1.45,1.65,1.70
2026-06-28 15:00,1.40,1.42,1.61,1.50
2026-06-28 16:00,1.30,1.43,1.24,1.58
2026-06-28 17:00,1.31,1.26,1.37,1.50
2026-06-28 18:00,1.10,1.23,1.20,1.33
2026-06-28 19:00,1.03,1.25,1.16,1.40
2026-06-28 20:00,1.01,1.13,1.24,1.36
2026-06-28 21:00,1.19,1.21,1.30,1.45
2026-06-28 22:00,1.09,1.26,1.25,1.52
2026-06-28 23:00,1.22,1.28,1.29,1.33
2026-06-29 00:00,1.15,1.40,1.27,1.50
2026-06-29 01:00,1.18,1.23,1.27,1.44
2026-06-29 02:00,1.19,1.38,1.55,1.41
2026-06-29 03:00,1.22,1.29,1.12,1.40
2026-06-29 04:00,1.13,1.38,1.34,1.37
2026-06-29 05:00,1.05,1.46,1.31,1.21
2026-06-29 06:00,1.15,1.21,1.08,1.32
2026-06-29 07:00,1.16,1.56,1.12,1.56
2026-06-29 08:00,1.40,1.50,1.29,1.49
2026-06-29 09:00,1.54,1.47,1.48,1.65
2026-06-29 10:00,1.54,1.66,1.57,1.57
2026-06-29 11:00,1.53,1.63,1.51,1.73
2026-06-29 12:00,1.62,1.80,1.61,1.62
2026-06-29 13:00,1.43,1.58,1.62,1.84
2026-06-29 14:00,1.40,1.45,1.40,1.91
2026-06-29 15:00,1.19,1.35,1.52,1.70
2026-06-29 16:00,1.32,1.41,1.40,1.68
2026-06-29 17:00,1.24,1.47,1.33,1.50
2026-06-29 18:00,1.16,1.33,1.20,1.48
2026-06-29 19:00,1.01,1.35,1.06,1.30
2026-06-29 20:00,1.24,1.32,1.40,1.48
2026-06-29 21:00,1.04,1.35,1.23,1.18
2026-06-29 22:00,1.04,1.33,1.17,1.50
2026-06-29 23:00,1.23,1.15,1.25,1.42
2026-06-30 00:00,1.13,1.32,1.15,1.44
2026-06-30 01:00,1.06,1.37,1.41,1.29
2026-06-30 02:00,1.18,1.26,1.20,1.46
2026-06-30 03:00,1.27,1.30,1.12,1.34
2026-06-30 04:00,1.16,1.21,1.34,1.40
2026-06-30 05:00,1.32,1.50,1.10,1.41
2026-06-30 06:00,1.16,1.39,1.21,1.44
2026-06-30 07:00,1.13,1.45,1.30,1.50
2026-06-30 08:00,1.34,1.58,1.37,1.72
2026-06-30 09:00,1.31,1.54,1.45,1.36
2026-06-30 10:00,1.31,1.59,1.47,1.55
2026-06-30 11:00,1.35,1.55,1.67,1.70
2026-06-30 12:00,1.29,1.72,1.48,1.64
2026-06-30 13:00,1.46,1.55,1.55,1.84
2026-06-30 14:00,1.37,1.58,1.51,1.76
2026-06-30 15:00,1.37,1.50,1.43,1.71
2026-06-30 16:00,1.24,1.37,1.37,1.63
2026-06-30 17:00,1.13,1.35,1.45,1.71
2026-06-30 18:00,0.98,1.51,1.49,1.28
2026-06-30 19:00,1.19,1.38,1.29,1.58
2026-06-30 20:00,1.17,1.36,1.26,1.38
2026-06-30 21:00,1.01,1.49,1.34,1.46
2026-06-30 22:00,0.98,1.35,1.25,1.54
2026-06-30 23:00,1.21,1.40,1.32,1.51
2026-07-01 00:00,1.09,1.43,1.30,1.58
2026-07-01 01:00,1.24,1.56,1.39,1.59
2026-07-01 02:00,1.12,1.49,1.20,1.34
2026-07-01 03:00,1.13,1.36,1.23,1.63
2026-07-01 04:00,1.18,1.38,1.12,1.69
2026-07-01 05:00,1.31,1.42,1.19,1.57
2026-07-01 06:00,1.11,1.48,1.29,1.57
2026-07-01 07:00,1.37,1.62,1.44,1.77
2026-07-01 08:00,1.27,1.60,1.51,1.66
2026-07-01 09:00,1.28,1.67,1.47,1.80
2026-07-01 10:00,1.42,1.76,1.47,1.74
2026-07-01 11:00,1.64,1.78,1.49,2.05
2026-07-01 12:00,1.38,1.62,1.52,1.80
2026-07-01 13:00,1.25,1.53,1.66,1.82
2026-07-01 14:00,1.33,1.72,1.50,1.82
2026-07-01 15:00,1.42,1.49,1.56,1.78
2026-07-01 16:00,1.37,1.41,1.46,1.61
2026-07-01 17:00,1.34,1.54,1.21,1.64
2026-07-01 18:00,1.13,1.28,1.28,1.50
2026-07-01 19:00,1.23,1.36,1.33,1.48
2026-07-01 20:00,1.08,1.41,1.22,1.60
2026-07-01 21:00,1.23,1.40,1.39,1.63
2026-07-01 22:00,1.18,1.52,1.42,1.51
2026-07-01 23:00,1.17,1.40,1.19,1.81
2026-07-02 00:00,1.06,1.36,1.13,1.35
2026-07-02 01:00,1.15,1.50,1.37,1.57
2026-07-02 02:00,1.17,1.57,1.32,1.50
2026-07-02 03:00,1.10,1.39,1.29,1.55
2026-07-02 04:00,1.07,1.34,1.20,1.58
2026-07-02 05:00,1.23,1.35,1.22,1.67
2026-07-02 06:00,1.09,1.61,1.28,1.41
2026-07-02 07:00,1.31,1.61,1.30,1.62
2026-07-02 08:00,1.22,1.69,1.40,1.52
2026-07-02 09:00,1.41,1.63,1.45,1.64
2026-07-02 10:00,1.41,1.85,1.72,1.99
2026-07-02 11:00,1.57,1.78,1.53,1.98
2026-07-02 12:00,1.42,1.94,1.55,1.94
2026-07-02 13:00,1.61,1.78,1.51,1.93
2026-07-02 14:00,1.31,1.77,1.50,1.79
2026-07-02 15:00,1.30,1.87,1.44,1.83
2026-07-02 16:00,1.19,1.66,1.53,1.74
2026-07-02 17:00,1.10,1.60,1.54,1.64
2026-07-02 18:00,0.97,1.50,1.41,1.57
2026-07-02 19:00,1.33,1.44,1.16,1.60
2026-07-02 20:00,1.19,1.38,1.21,1.63
2026-07-02 21:00,0.99,1.38,1.24,1.50
2026-07-02 22:00,1.07,1.38,1.18,1.78
2026-07-02 23:00,1.05,1.42,1.39,1.80
2026-07-03 00:00,0.99,1.61,1.24,1.58
2026-07-03 01:00,1.00,1.55,1.10,1.52
2026-07-03 02:00,1.30,1.40,1.25,1.59
2026-07-03 03:00,1.20,1.58,1.34,1.59
2026-07-03 04:00,1.24,1.51,1.28,1.55
2026-07-03 05:00,1.16,1.43,1.25,1.60
2026-07-03 06:00,1.15,1.53,1.23,1.61
2026-07-03 07:00,1.23,1.74,1.44,1.52
2026-07-03 08:00,1.36,1.67,1.47,1.83
2026-07-03 09:00,1.22,1.81,1.43,1.70
2026-07-03 10:00,1.54,1.68,1.75,1.82
2026-07-03 11:00,1.55,1.89,1.25,1.96
2026-07-03 12:00,1.50,1.76,1.62,1.78
2026-07-03 13:00,1.64,1.69,1.50,1.83
2026-07-03 14:00,1.50,1.65,1.49,1.88
2026-07-03 15:00,1.42,1.81,1.35,1.75
2026-07-03 16:00,1.34,1.56,1.56,1.63
2026-07-03 17:00,1.22,1.63,1.50,1.68
2026-07-03 18:00,1.32,1.50,1.29,1.71
2026-07-03 19:00,1.09,1.57,1.31,1.48
2026-07-03 20:00,1.16,1.55,1.43,1.70
2026-07-03 21:00,1.12,1.52,1.20,1.71
2026-07-03 22:00,1.09,1.43,1.32,1.63
2026-07-03 23:00,1.12,1.46,1.20,1.60
2026-07-04 00:00,1.19,1.62,1.32,1.61
2026-07-04 01:00,1.23,1.63,1.24,1.41
2026-07-04 02:00,1.10,1.46,1.11,1.55
2026-07-04 03:00,1.23,1.57,1.22,1.53
2026-07-04 04:00,1.29,1.63,1.25,1.50
2026-07-04 05:00,1.17,1.60,1.29,1.65
2026-07-04 06:00,1.31,1.63,1.24,1.77
2026-07-04 07:00,1.15,1.56,1.42,1.84
2026-07-04 08:00,1.17,1.60,1.42,1.75
2026-07-04 09:00,1.66,1.75,1.45,1.80
2026-07-04 10:00,1.29,1.82,1.52,1.87
2026-07-04 11:00,1.47,1.85,1.57,1.91
2026-07-04 12:00,1.44,1.85,1.47,2.20
2026-07-04 13:00,1.52,1.86,1.65,2.18
2026-07-04 14:00,1.30,1.86,1.51,2.05
2026-07-04 15:00,1.42,1.70,1.53,1.97
2026-07-04 16:00,1.29,1.72,1.33,1.80
2026-07-04 17:00,1.25,1.70,1.40,1.47
2026-07-04 18:00,1.18,1.62,1.23,1.68
2026-07-04 19:00,1.07,1.47,1.42,1.60
2026-07-04 20:00,1.19,1.60,1.21,1.64
2026-07-04 21:00,0.99,1.39,1.29,1.67
2026-07-04 22:00,1.18,1.64,1.29,1.62
2026-07-04 23:00,1.09,1.50,1.28,1.64
2026-07-05 00:00,1.11,1.61,1.35,1.70
2026-07-05 01:00,1.28,1.70,1.27,1.60
2026-07-05 02:00,1.19,1.67,1.45,1.69
2026-07-05 03:00,1.14,1.62,1.29,1.56
2026-07-05 04:00,1.25,1.48,1.45,1.76
2026-07-05 05:00,1.27,1.46,1.14,1.66
2026-07-05 06:00,1.13,1.51,1.23,1.64
2026-07-05 07:00,1.16,1.69,1.24,1.60
2026-07-05 08:00,1.32,1.73,1.40,1.87
2026-07-05 09:00,1.36,1.98,1.43,1.83
2026-07-05 10:00,1.40,1.86,1.46,1.93
2026-07-05 11:00,1.24,1.77,1.70,2.15
2026-07-05 12:00,1.32,1.95,1.46,2.05
2026-07-05 13:00,1.37,1.98,1.66,2.04
2026-07-05 14:00,1.39,1.95,1.36,1.97
2026-07-05 15:00,1.29,1.79,1.46,1.86
2026-07-05 16:00,1.40,1.68,1.37,1.76
2026-07-05 17:00,1.32,1.61,1.38,1.92
2026-07-05 18:00,1.00,1.72,1.14,1.62
2026-07-05 19:00,1.25,1.56,1.22,1.62
2026-07-05 20:00,1.18,1.86,1.33,1.66
2026-07-05 21:00,1.22,1.66,1.36,1.63
2026-07-05 22:00,1.16,1.61,1.13,1.77
2026-07-05 23:00,1.07,1.54,1.39,1.67
2026-07-06 00:00,1.16,1.46,1.21,1.75
2026-07-06 01:00,1.25,1.77,1.44,1.65
2026-07-06 02:00,1.24,1.59,1.16,1.52
2026-07-06 03:00,1.20,1.81,1.24,1.71
2026-07-06 04:00,1.05,1.64,1.35,1.77
2026-07-06 05:00,1.08,1.56,1.27,1.59
2026-07-06 06:00,1.07,1.71,1.28,1.65
2026-07-06 07:00,1.27,1.62,1.40,1.84
2026-07-06 08:00,1.25,1.71,1.24,1.85
2026-07-06 09:00,1.32,2.02,1.37,2.01
2026-07-06 10:00,1.45,1.79,1.63,2.00
2026-07-06 11:00,1.40,1.86,1.73,2.05
2026-07-06 12:00,1.45,1.98,1.54,2.15
2026-07-06 13:00,1.44,2.08,1.41,2.16
2026-07-06 14:00,1.43,1.93,1.47,2.04
2026-07-06 15:00,1.30,2.00,1.60,2.08
2026-07-06 16:00,1.41,1.85,1.44,1.82
2026-07-06 17:00,1.29,1.94,1.15,1.83
2026-07-06 18:00,1.15,1.71,1.22,1.61
2026-07-06 19:00,1.15,1.66,1.32,1.59
2026-07-06 20:00,1.34,1.53,1.20,1.66
2026-07-06 21:00,1.02,1.66,1.16,1.89
2026-07-06 22:00,1.24,1.75,1.02,1.59
2026-07-06 23:00,1.07,1.71,1.27,1.74
2026-07-07 00:00,1.07,1.71,1.44,1.93
2026-07-07 01:00,1.23,1.77,1.02,1.92
2026-07-07 02:00,1.00,1.66,1.07,1.79
2026-07-07 03:00,1.05,1.84,1.41,1.73
2026-07-07 04:00,0.97,1.74,1.16,1.87
2026-07-07 05:00,1.07,1.62,1.19,1.82
2026-07-07 06:00,1.01,1.62,1.53,1.93
2026-07-07 07:00,1.27,1.79,1.34,1.95
2026-07-07 08:00,1.28,1.84,1.26,1.89
2026-07-07 09:00,1.45,1.74,1.50,1.98
2026-07-07 10:00,1.27,1.84,1.51,2.18
2026-07-07 11:00,1.23,1.90,1.70,2.15
2026-07-07 12:00,1.38,2.01,1.64,1.98
2026-07-07 13:00,1.48,1.91,1.62,2.22
2026-07-07 14:00,1.30,1.99,1.56,2.07
2026-07-07 15:00,1.29,1.88,1.30,1.97
2026-07-07 16:00,1.32,2.01,1.42,1.88
2026-07-07 17:00,1.13,1.92,1.35,1.99
2026-07-07 18:00,1.24,1.72,1.24,1.91
2026-07-07 19:00,1.26,1.76,1.26,1.74
2026-07-07 20:00,1.16,1.71,1.32,1.97
2026-07-07 21:00,1.16,1.47,1.20,1.75
2026-07-07 22:00,1.06,1.55,1.31,2.04
2026-07-07 23:00,1.12,1.80,1.19,1.95
2026-07-08 00:00,1.13,1.61,1.20,1.77
2026-07-08 01:00,1.10,1.78,1.08,1.81
2026-07-08 02:00,1.15,1.84,1.29,1.74
2026-07-08 03:00,1.04,1.78,1.22,1.85
2026-07-08 04:00,1.24,1.75,1.35,1.90
2026-07-08 05:00,1.20,1.79,1.19,1.96
2026-07-08 06:00,1.27,1.59,1.03,1.70
2026-07-08 07:00,1.24,1.76,1.18,1.78
2026-07-08 08:00,1.17,1.89,1.36,2.02
2026-07-08 09:00,1.40,1.87,1.49,1.98
2026-07-08 10:00,1.28,2.21,1.61,1.99
2026-07-08 11:00,1.64,2.07,1.48,2.32
2026-07-08 12:00,1.19,2.27,1.59,2.18
2026-07-08 13:00,1.45,2.06,1.57,2.17
2026-07-08 14:00,1.63,2.08,1.46,2.27
2026-07-08 15:00,1.19,2.02,1.63,2.05
2026-07-08 16:00,1.32,1.88,1.42,1.95
2026-07-08 17:00,1.26,1.93,1.32,2.01
2026-07-08 18:00,1.08,1.89,1.27,1.81
2026-07-08 19:00,1.17,1.92,1.04,1.79
2026-07-08 20:00,0.92,1.92,1.26,1.76
2026-07-08 21:00,1.15,1.82,1.23,1.78
2026-07-08 22:00,1.03,1.93,1.13,1.76
2026-07-08 23:00,1.11,1.73,1.25,1.73
2026-07-09 00:00,1.10,1.81,1.35,1.78
2026-07-09 01:00,1.24,1.89,1.23,1.79
2026-07-09 02:00,0.95,1.82,1.19,1.95
2026-07-09 03:00,1.26,1.91,1.41,1.78
2026-07-09 04:00,1.29,1.83,1.23,1.77
2026-07-09 05:00,1.21,1.84,1.31,1.92
2026-07-09 06:00,1.22,1.84,1.19,1.75
2026-07-09 07:00,1.18,1.89,1.44,1.97
2026-07-09 08:00,1.25,1.86,1.30,2.01
2026-07-09 09:00,1.34,1.94,1.64,2.07
2026-07-09 10:00,1.47,1.97,1.56,2.01
2026-07-09 11:00,1.46,1.89,1.54,2.10
2026-07-09 12:00,1.46,1.98,1.55,2.31
2026-07-09 13:00,1.18,2.09,1.52,2.07
2026-07-09 14:00,1.39,2.14,1.47,2.07
2026-07-09 15:00,1.45,1.89,1.57,2.11
2026-07-09 16:00,1.33,1.92,1.33,1.94
2026-07-09 17:00,1.14,1.84,1.38,2.08
2026-07-09 18:00,1.18,1.86,1.37,1.95
2026-07-09 19:00,0.99,1.83,1.34,1.93
2026-07-09 20:00,1.02,1.71,1.40,2.08
2026-07-09 21:00,0.87,1.87,1.03,1.99
2026-07-09 22:00,1.35,1.92,1.34,2.14
2026-07-09 23:00,1.15,1.87,1.18,1.97
2026-07-10 00:00,1.30,1.92,1.13,2.08
2026-07-10 01:00,1.16,1.97,1.18,1.88
2026-07-10 02:00,1.31,1.87,1.32,2.00
2026-07-10 03:00,1.21,1.79,1.22,1.98
2026-07-10 04:00,1.19,1.82,1.12,1.82
2026-07-10 05:00,1.24,1.74,1.44,2.02
2026-07-10 06:00,1.24,1.92,1.24,1.87
2026-07-10 07:00,1.27,1.94,1.44,1.89
2026-07-10 08:00,1.32,2.07,1.57,2.03
2026-07-10 09:00,1.38,2.15,1.55,2.12
2026-07-10 10:00,1.53,1.95,1.53,2.09
2026-07-10 11:00,1.52,2.28,1.53,2.25
2026-07-10 12:00,1.46,1.99,1.55,2.23
2026-07-10 13:00,1.56,2.18,1.52,2.24
2026-07-10 14:00,1.43,2.16,1.54,2.24
2026-07-10 15:00,1.35,2.06,1.53,2.22
2026-07-10 16:00,1.07,1.81,1.48,2.04
2026-07-10 17:00,1.06,1.86,1.43,1.91
2026-07-10 18:00,1.18,1.73,1.30,1.88
2026-07-10 19:00,1.08,1.86,1.05,1.85
2026-07-10 20:00,1.21,2.02,1.19,1.84
2026-07-10 21:00,1.10,1.85,1.29,1.91
2026-07-10 22:00,1.14,1.98,1.05,2.00
2026-07-10 23:00,1.19,1.73,1.27,2.04
2026-07-11 00:00,1.09,2.04,1.18,2.00
2026-07-11 01:00,1.30,1.79,1.39,1.96
2026-07-11 02:00,1.05,1.89,1.06,1.98
2026-07-11 03:00,1.24,1.72,1.37,1.97
2026-07-11 04:00,1.08,1.84,1.22,1.90
2026-07-11 05:00,1.05,1.86,1.23,2.08
2026-07-11 06:00,1.27,1.89,1.21,1.90
2026-07-11 07:00,1.05,2.09,1.37,2.00
2026-07-11 08:00,1.25,2.10,1.38,1.87
2026-07-11 09:00,1.28,1.88,1.49,2.12
2026-07-11 10:00,1.46,2.09,1.71,1.98
2026-07-11 11:00,1.40,2.27,1.59,2.29
2026-07-11 12:00,1.49,2.30,1.41,2.30
2026-07-11 13:00,1.46,2.12,1.63,2.36
2026-07-11 14:00,1.40,2.09,1.49,2.18
2026-07-11 15:00,1.42,2.35,1.45,2.42
2026-07-11 16:00,1.40,2.32,1.41,2.24
2026-07-11 17:00,1.25,1.98,1.42,2.07
2026-07-11 18:00,1.22,1.99,1.09,1.95
2026-07-11 19:00,1.13,1.90,1.29,1.91
2026-07-11 20:00,1.20,1.98,1.31,1.92
2026-07-11 21:00,1.36,1.77,1.22,2.02
2026-07-11 22:00,1.36,1.88,1.23,2.08
2026-07-11 23:00,1.09,1.98,1.26,1.85
